Business Name,Address,Phone,Region,Code,Merge URL
Kingswood Tyre & Service,"292 Two Mile Hill Rd, Bristol BS15 1AT, UK",+44 7761 781111,Bristol,kingswood-tyre-service,https://neobookworm.uk/tyretrust/?p=kingswood-tyre-service&utm_source=mailshot&utm_medium=direct-mail&utm_campaign=tyretrust-29&utm_content=kingswood-tyre-service
Pav's Mobile Tyres,"Whitby Rd, Brislington, Bristol BS4 4AR, UK",+44 7482 014241,Bristol,pav-s-mobile-tyres,https://neobookworm.uk/tyretrust/?p=pav-s-mobile-tyres&utm_source=mailshot&utm_medium=direct-mail&utm_campaign=tyretrust-29&utm_content=pav-s-mobile-tyres
Sinan's Tyre,"5 Brook St, Redfield, Bristol BS5 9JX, UK",+44 7413 837418,Bristol,sinan-s-tyre,https://neobookworm.uk/tyretrust/?p=sinan-s-tyre&utm_source=mailshot&utm_medium=direct-mail&utm_campaign=tyretrust-29&utm_content=sinan-s-tyre
JS Automotive Repairs Centre,"863 Fishponds Rd, Bristol BS16 2LG, UK",+44 7704 943224,Bristol,js-automotive,https://neobookworm.uk/tyretrust/?p=js-automotive&utm_source=mailshot&utm_medium=direct-mail&utm_campaign=tyretrust-29&utm_content=js-automotive
Ford Rapid Fit (Bath),"Red Bridge House, Lower Bristol Rd, Bath BA2 3EW, UK",+44 1225 402228,"Bath, Weston, South Glos",ford-rapid-fit-bath,https://neobookworm.uk/tyretrust/?p=ford-rapid-fit-bath&utm_source=mailshot&utm_medium=direct-mail&utm_campaign=tyretrust-29&utm_content=ford-rapid-fit-bath
Farmborough Tyres Service,"Bath Rd, Timsbury Rd, Farmborough, Bath BA2 0DA, UK",+44 1761 471340,"Bath, Weston, South Glos",farmborough-tyres-service,https://neobookworm.uk/tyretrust/?p=farmborough-tyres-service&utm_source=mailshot&utm_medium=direct-mail&utm_campaign=tyretrust-29&utm_content=farmborough-tyres-service
Spraytech Mechanics,"Unit 2 Cleveland Cotts, London Rd, Bath BA1 5DD, UK",,"Bath, Weston, South Glos",spraytech-mechanics,https://neobookworm.uk/tyretrust/?p=spraytech-mechanics&utm_source=mailshot&utm_medium=direct-mail&utm_campaign=tyretrust-29&utm_content=spraytech-mechanics
Turner Brace Tyres (Clevedon),"Unit 5, Kenn Court Business Park, Kenn, Clevedon BS21 6TR, UK",+44 7469 556798,"Bath, Weston, South Glos",turner-brace-tyres-clevedon,https://neobookworm.uk/tyretrust/?p=turner-brace-tyres-clevedon&utm_source=mailshot&utm_medium=direct-mail&utm_campaign=tyretrust-29&utm_content=turner-brace-tyres-clevedon
Heathend Garage,"Bristol Rd, Heath End, Wotton-under-Edge GL12 8AR, UK",+44 1454 294352,"Bath, Weston, South Glos",heathend-garage,https://neobookworm.uk/tyretrust/?p=heathend-garage&utm_source=mailshot&utm_medium=direct-mail&utm_campaign=tyretrust-29&utm_content=heathend-garage
Mobile Tyres Services Oxford Ltd 24/7,"1 Windmill Rd, Headington, Oxford OX3 7BL, UK",+44 7455 450621,Oxford,mobile-tyres-oxford,https://neobookworm.uk/tyretrust/?p=mobile-tyres-oxford&utm_source=mailshot&utm_medium=direct-mail&utm_campaign=tyretrust-29&utm_content=mobile-tyres-oxford
Urgent Fast Tyre Fitting Reading 24/7,"7 Beech Rd, Reading RG8 8DR, UK",+44 7858 565286,Reading,urgent-fast-reading,https://neobookworm.uk/tyretrust/?p=urgent-fast-reading&utm_source=mailshot&utm_medium=direct-mail&utm_campaign=tyretrust-29&utm_content=urgent-fast-reading
Premier Mobile Tyres,"46 Kingsway, Reading RG4 6RA, UK",+44 7799 483623,Reading,premier-mobile-tyres,https://neobookworm.uk/tyretrust/?p=premier-mobile-tyres&utm_source=mailshot&utm_medium=direct-mail&utm_campaign=tyretrust-29&utm_content=premier-mobile-tyres
City Tyres & Auto Centre,"Workshop Premises, Prospect Mews, off Prospect St, Oxford Rd, Reading RG1 7YJ, UK",+44 7447 940532,Reading,city-tyres-reading,https://neobookworm.uk/tyretrust/?p=city-tyres-reading&utm_source=mailshot&utm_medium=direct-mail&utm_campaign=tyretrust-29&utm_content=city-tyres-reading
Mobile Tyre Repair Response Woodley,"Town Ln, Woodley, Reading RG5 3EN, UK",+44 7478 521912,Reading,mobile-tyre-woodley,https://neobookworm.uk/tyretrust/?p=mobile-tyre-woodley&utm_source=mailshot&utm_medium=direct-mail&utm_campaign=tyretrust-29&utm_content=mobile-tyre-woodley
SMH Mobile Tyres 24/7,"42 Granville Rd, Reading RG30 3QB, UK",+44 7716 302074,Reading,smh-mobile-tyres,https://neobookworm.uk/tyretrust/?p=smh-mobile-tyres&utm_source=mailshot&utm_medium=direct-mail&utm_campaign=tyretrust-29&utm_content=smh-mobile-tyres
Tyre Fit UK,"Weston Rd, Gloucester GL1 5AX, UK",,Gloucester & Cheltenham,tyre-fit-uk,https://neobookworm.uk/tyretrust/?p=tyre-fit-uk&utm_source=mailshot&utm_medium=direct-mail&utm_campaign=tyretrust-29&utm_content=tyre-fit-uk
Emergency Tyres 24/7,"Unit 2&3, 151 Bristol Rd, Gloucester GL1 5SY, UK",+44 7534 512345,Gloucester & Cheltenham,emergency-tyres-24-7,https://neobookworm.uk/tyretrust/?p=emergency-tyres-24-7&utm_source=mailshot&utm_medium=direct-mail&utm_campaign=tyretrust-29&utm_content=emergency-tyres-24-7
24/7 Mobile Tyres Gloucestershire,"91 Rowanfield Rd, Cheltenham GL51 8AF, UK",+44 7413 918528,Gloucester & Cheltenham,247-mobile-tyres-glos,https://neobookworm.uk/tyretrust/?p=247-mobile-tyres-glos&utm_source=mailshot&utm_medium=direct-mail&utm_campaign=tyretrust-29&utm_content=247-mobile-tyres-glos
Smart Tyres Gloucester,"Unit 1, 28 Hempsted Ln, Hempsted, Gloucester GL2 5JA, UK",+44 1452 690710,Gloucester & Cheltenham,smart-tyres-gloucester,https://neobookworm.uk/tyretrust/?p=smart-tyres-gloucester&utm_source=mailshot&utm_medium=direct-mail&utm_campaign=tyretrust-29&utm_content=smart-tyres-gloucester
Greatfield Tyres,"Greatfield Ln, Up Hatherley, Shurdington, Cheltenham GL51 3QX, UK",+44 1242 431854,Gloucester & Cheltenham,greatfield-tyres,https://neobookworm.uk/tyretrust/?p=greatfield-tyres&utm_source=mailshot&utm_medium=direct-mail&utm_campaign=tyretrust-29&utm_content=greatfield-tyres
Get Grip Tyres and Auto Body Repairs,"Mead Park Industrial Estate, Churchill Rd, Cheltenham GL53 7EG, UK",+44 7817 631444,Gloucester & Cheltenham,get-grip-tyres,https://neobookworm.uk/tyretrust/?p=get-grip-tyres&utm_source=mailshot&utm_medium=direct-mail&utm_campaign=tyretrust-29&utm_content=get-grip-tyres
Cheltenham Truck Tyre Services,"Montpellier Terrace, Cheltenham GL50 1AD, UK",+44 1242 500566,Gloucester & Cheltenham,cheltenham-truck-tyres,https://neobookworm.uk/tyretrust/?p=cheltenham-truck-tyres&utm_source=mailshot&utm_medium=direct-mail&utm_campaign=tyretrust-29&utm_content=cheltenham-truck-tyres
Mobile Fast Tyre Fitting,"Loddon Dr, Basingstoke RG21 4DF, UK",+44 7487 687207,Basingstoke,mobile-fast-tyre-fitting,https://neobookworm.uk/tyretrust/?p=mobile-fast-tyre-fitting&utm_source=mailshot&utm_medium=direct-mail&utm_campaign=tyretrust-29&utm_content=mobile-fast-tyre-fitting
Tyre Fitting Near You,"35, The Pinion, Spindle Cl, Basingstoke RG21 4FL, UK",,Basingstoke,tyre-fitting-near-you,https://neobookworm.uk/tyretrust/?p=tyre-fitting-near-you&utm_source=mailshot&utm_medium=direct-mail&utm_campaign=tyretrust-29&utm_content=tyre-fitting-near-you
Oakley Car Repairs,"Unit 6 Telford Rd, Basingstoke RG21 6YU, UK",+44 1256 814555,Basingstoke,oakley-car-repairs,https://neobookworm.uk/tyretrust/?p=oakley-car-repairs&utm_source=mailshot&utm_medium=direct-mail&utm_campaign=tyretrust-29&utm_content=oakley-car-repairs
Whitchurch Service & Repairs,"The Old Motor House, Andover Road, Whitchurch RG28 7RL, UK",+44 1256 893570,Basingstoke,whitchurch-service,https://neobookworm.uk/tyretrust/?p=whitchurch-service&utm_source=mailshot&utm_medium=direct-mail&utm_campaign=tyretrust-29&utm_content=whitchurch-service
Haytov & Sons Auto Repairs,"Unit 4, Dolphin Park, Ardglen Rd, Whitchurch RG28 7BB, UK",+44 7747 213028,Basingstoke,haytov-sons,https://neobookworm.uk/tyretrust/?p=haytov-sons&utm_source=mailshot&utm_medium=direct-mail&utm_campaign=tyretrust-29&utm_content=haytov-sons
G&S Tyres,"B8 Bumpers Farm Industrial Estate, Bumpers Way, Chippenham SN14 6LH, UK",+44 1249 462225,Chippenham Trowbridge Salisbury,gs-tyres,https://neobookworm.uk/tyretrust/?p=gs-tyres&utm_source=mailshot&utm_medium=direct-mail&utm_campaign=tyretrust-29&utm_content=gs-tyres
Mobile Salisbury,"Downton Rd, Salisbury SP2 8AR, UK",+44 23 8044 1044,Chippenham Trowbridge Salisbury,mobile-salisbury,https://neobookworm.uk/tyretrust/?p=mobile-salisbury&utm_source=mailshot&utm_medium=direct-mail&utm_campaign=tyretrust-29&utm_content=mobile-salisbury
