Source URL,Target URL
tyretrust.uk/kingswood,https://tyretrust.uk/?p=kingswood-tyre-service&utm_source=mailshot&utm_medium=direct-mail&utm_campaign=tyretrust-29&utm_content=kingswood-tyre-service
tyretrust.uk/pavs,https://tyretrust.uk/?p=pav-s-mobile-tyres&utm_source=mailshot&utm_medium=direct-mail&utm_campaign=tyretrust-29&utm_content=pav-s-mobile-tyres
tyretrust.uk/sinans,https://tyretrust.uk/?p=sinan-s-tyre&utm_source=mailshot&utm_medium=direct-mail&utm_campaign=tyretrust-29&utm_content=sinan-s-tyre
tyretrust.uk/jsauto,https://tyretrust.uk/?p=js-automotive&utm_source=mailshot&utm_medium=direct-mail&utm_campaign=tyretrust-29&utm_content=js-automotive
tyretrust.uk/fordbath,https://tyretrust.uk/?p=ford-rapid-fit-bath&utm_source=mailshot&utm_medium=direct-mail&utm_campaign=tyretrust-29&utm_content=ford-rapid-fit-bath
tyretrust.uk/farmborough,https://tyretrust.uk/?p=farmborough-tyres-service&utm_source=mailshot&utm_medium=direct-mail&utm_campaign=tyretrust-29&utm_content=farmborough-tyres-service
tyretrust.uk/spraytech,https://tyretrust.uk/?p=spraytech-mechanics&utm_source=mailshot&utm_medium=direct-mail&utm_campaign=tyretrust-29&utm_content=spraytech-mechanics
tyretrust.uk/turnerbrace,https://tyretrust.uk/?p=turner-brace-tyres-clevedon&utm_source=mailshot&utm_medium=direct-mail&utm_campaign=tyretrust-29&utm_content=turner-brace-tyres-clevedon
tyretrust.uk/heathend,https://tyretrust.uk/?p=heathend-garage&utm_source=mailshot&utm_medium=direct-mail&utm_campaign=tyretrust-29&utm_content=heathend-garage
tyretrust.uk/oxford,https://tyretrust.uk/?p=mobile-tyres-oxford&utm_source=mailshot&utm_medium=direct-mail&utm_campaign=tyretrust-29&utm_content=mobile-tyres-oxford
tyretrust.uk/urgentreading,https://tyretrust.uk/?p=urgent-fast-reading&utm_source=mailshot&utm_medium=direct-mail&utm_campaign=tyretrust-29&utm_content=urgent-fast-reading
tyretrust.uk/premier,https://tyretrust.uk/?p=premier-mobile-tyres&utm_source=mailshot&utm_medium=direct-mail&utm_campaign=tyretrust-29&utm_content=premier-mobile-tyres
tyretrust.uk/cityreading,https://tyretrust.uk/?p=city-tyres-reading&utm_source=mailshot&utm_medium=direct-mail&utm_campaign=tyretrust-29&utm_content=city-tyres-reading
tyretrust.uk/woodley,https://tyretrust.uk/?p=mobile-tyre-woodley&utm_source=mailshot&utm_medium=direct-mail&utm_campaign=tyretrust-29&utm_content=mobile-tyre-woodley
tyretrust.uk/smh,https://tyretrust.uk/?p=smh-mobile-tyres&utm_source=mailshot&utm_medium=direct-mail&utm_campaign=tyretrust-29&utm_content=smh-mobile-tyres
tyretrust.uk/tyrefituk,https://tyretrust.uk/?p=tyre-fit-uk&utm_source=mailshot&utm_medium=direct-mail&utm_campaign=tyretrust-29&utm_content=tyre-fit-uk
tyretrust.uk/emergency,https://tyretrust.uk/?p=emergency-tyres-24-7&utm_source=mailshot&utm_medium=direct-mail&utm_campaign=tyretrust-29&utm_content=emergency-tyres-24-7
tyretrust.uk/mobileglos,https://tyretrust.uk/?p=247-mobile-tyres-glos&utm_source=mailshot&utm_medium=direct-mail&utm_campaign=tyretrust-29&utm_content=247-mobile-tyres-glos
tyretrust.uk/smarttyres,https://tyretrust.uk/?p=smart-tyres-gloucester&utm_source=mailshot&utm_medium=direct-mail&utm_campaign=tyretrust-29&utm_content=smart-tyres-gloucester
tyretrust.uk/greatfield,https://tyretrust.uk/?p=greatfield-tyres&utm_source=mailshot&utm_medium=direct-mail&utm_campaign=tyretrust-29&utm_content=greatfield-tyres
tyretrust.uk/getgrip,https://tyretrust.uk/?p=get-grip-tyres&utm_source=mailshot&utm_medium=direct-mail&utm_campaign=tyretrust-29&utm_content=get-grip-tyres
tyretrust.uk/cheltenhamtruck,https://tyretrust.uk/?p=cheltenham-truck-tyres&utm_source=mailshot&utm_medium=direct-mail&utm_campaign=tyretrust-29&utm_content=cheltenham-truck-tyres
tyretrust.uk/mobilefast,https://tyretrust.uk/?p=mobile-fast-tyre-fitting&utm_source=mailshot&utm_medium=direct-mail&utm_campaign=tyretrust-29&utm_content=mobile-fast-tyre-fitting
tyretrust.uk/nearyou,https://tyretrust.uk/?p=tyre-fitting-near-you&utm_source=mailshot&utm_medium=direct-mail&utm_campaign=tyretrust-29&utm_content=tyre-fitting-near-you
tyretrust.uk/oakley,https://tyretrust.uk/?p=oakley-car-repairs&utm_source=mailshot&utm_medium=direct-mail&utm_campaign=tyretrust-29&utm_content=oakley-car-repairs
tyretrust.uk/whitchurch,https://tyretrust.uk/?p=whitchurch-service&utm_source=mailshot&utm_medium=direct-mail&utm_campaign=tyretrust-29&utm_content=whitchurch-service
tyretrust.uk/haytov,https://tyretrust.uk/?p=haytov-sons&utm_source=mailshot&utm_medium=direct-mail&utm_campaign=tyretrust-29&utm_content=haytov-sons
tyretrust.uk/gstyres,https://tyretrust.uk/?p=gs-tyres&utm_source=mailshot&utm_medium=direct-mail&utm_campaign=tyretrust-29&utm_content=gs-tyres
tyretrust.uk/salisbury,https://tyretrust.uk/?p=mobile-salisbury&utm_source=mailshot&utm_medium=direct-mail&utm_campaign=tyretrust-29&utm_content=mobile-salisbury
