Business Name,Short URL (Source),Target URL
Kingswood Tyre & Service,tyretrust.uk/kingswood,https://tyretrust.uk/?p=kingswood-tyre-service&utm_source=mailshot&utm_medium=direct-mail&utm_campaign=tyretrust-29&utm_content=kingswood-tyre-service
Pav's Mobile Tyres,tyretrust.uk/pavs,https://tyretrust.uk/?p=pav-s-mobile-tyres&utm_source=mailshot&utm_medium=direct-mail&utm_campaign=tyretrust-29&utm_content=pav-s-mobile-tyres
Sinan's Tyre,tyretrust.uk/sinans,https://tyretrust.uk/?p=sinan-s-tyre&utm_source=mailshot&utm_medium=direct-mail&utm_campaign=tyretrust-29&utm_content=sinan-s-tyre
JS Automotive Repairs Centre,tyretrust.uk/jsauto,https://tyretrust.uk/?p=js-automotive&utm_source=mailshot&utm_medium=direct-mail&utm_campaign=tyretrust-29&utm_content=js-automotive
Ford Rapid Fit (Bath),tyretrust.uk/fordbath,https://tyretrust.uk/?p=ford-rapid-fit-bath&utm_source=mailshot&utm_medium=direct-mail&utm_campaign=tyretrust-29&utm_content=ford-rapid-fit-bath
Farmborough Tyres Service,tyretrust.uk/farmborough,https://tyretrust.uk/?p=farmborough-tyres-service&utm_source=mailshot&utm_medium=direct-mail&utm_campaign=tyretrust-29&utm_content=farmborough-tyres-service
Spraytech Mechanics,tyretrust.uk/spraytech,https://tyretrust.uk/?p=spraytech-mechanics&utm_source=mailshot&utm_medium=direct-mail&utm_campaign=tyretrust-29&utm_content=spraytech-mechanics
Turner Brace Tyres (Clevedon),tyretrust.uk/turnerbrace,https://tyretrust.uk/?p=turner-brace-tyres-clevedon&utm_source=mailshot&utm_medium=direct-mail&utm_campaign=tyretrust-29&utm_content=turner-brace-tyres-clevedon
Heathend Garage,tyretrust.uk/heathend,https://tyretrust.uk/?p=heathend-garage&utm_source=mailshot&utm_medium=direct-mail&utm_campaign=tyretrust-29&utm_content=heathend-garage
Mobile Tyres Services Oxford Ltd 24/7,tyretrust.uk/oxford,https://tyretrust.uk/?p=mobile-tyres-oxford&utm_source=mailshot&utm_medium=direct-mail&utm_campaign=tyretrust-29&utm_content=mobile-tyres-oxford
Urgent Fast Tyre Fitting Reading 24/7,tyretrust.uk/urgentreading,https://tyretrust.uk/?p=urgent-fast-reading&utm_source=mailshot&utm_medium=direct-mail&utm_campaign=tyretrust-29&utm_content=urgent-fast-reading
Premier Mobile Tyres,tyretrust.uk/premier,https://tyretrust.uk/?p=premier-mobile-tyres&utm_source=mailshot&utm_medium=direct-mail&utm_campaign=tyretrust-29&utm_content=premier-mobile-tyres
City Tyres & Auto Centre,tyretrust.uk/cityreading,https://tyretrust.uk/?p=city-tyres-reading&utm_source=mailshot&utm_medium=direct-mail&utm_campaign=tyretrust-29&utm_content=city-tyres-reading
Mobile Tyre Repair Response Woodley,tyretrust.uk/woodley,https://tyretrust.uk/?p=mobile-tyre-woodley&utm_source=mailshot&utm_medium=direct-mail&utm_campaign=tyretrust-29&utm_content=mobile-tyre-woodley
SMH Mobile Tyres 24/7,tyretrust.uk/smh,https://tyretrust.uk/?p=smh-mobile-tyres&utm_source=mailshot&utm_medium=direct-mail&utm_campaign=tyretrust-29&utm_content=smh-mobile-tyres
Tyre Fit UK,tyretrust.uk/tyrefituk,https://tyretrust.uk/?p=tyre-fit-uk&utm_source=mailshot&utm_medium=direct-mail&utm_campaign=tyretrust-29&utm_content=tyre-fit-uk
Emergency Tyres 24/7,tyretrust.uk/emergency,https://tyretrust.uk/?p=emergency-tyres-24-7&utm_source=mailshot&utm_medium=direct-mail&utm_campaign=tyretrust-29&utm_content=emergency-tyres-24-7
24/7 Mobile Tyres Gloucestershire,tyretrust.uk/mobileglos,https://tyretrust.uk/?p=247-mobile-tyres-glos&utm_source=mailshot&utm_medium=direct-mail&utm_campaign=tyretrust-29&utm_content=247-mobile-tyres-glos
Smart Tyres Gloucester,tyretrust.uk/smarttyres,https://tyretrust.uk/?p=smart-tyres-gloucester&utm_source=mailshot&utm_medium=direct-mail&utm_campaign=tyretrust-29&utm_content=smart-tyres-gloucester
Greatfield Tyres,tyretrust.uk/greatfield,https://tyretrust.uk/?p=greatfield-tyres&utm_source=mailshot&utm_medium=direct-mail&utm_campaign=tyretrust-29&utm_content=greatfield-tyres
Get Grip Tyres and Auto Body Repairs,tyretrust.uk/getgrip,https://tyretrust.uk/?p=get-grip-tyres&utm_source=mailshot&utm_medium=direct-mail&utm_campaign=tyretrust-29&utm_content=get-grip-tyres
Cheltenham Truck Tyre Services,tyretrust.uk/cheltenhamtruck,https://tyretrust.uk/?p=cheltenham-truck-tyres&utm_source=mailshot&utm_medium=direct-mail&utm_campaign=tyretrust-29&utm_content=cheltenham-truck-tyres
Mobile Fast Tyre Fitting,tyretrust.uk/mobilefast,https://tyretrust.uk/?p=mobile-fast-tyre-fitting&utm_source=mailshot&utm_medium=direct-mail&utm_campaign=tyretrust-29&utm_content=mobile-fast-tyre-fitting
Tyre Fitting Near You,tyretrust.uk/nearyou,https://tyretrust.uk/?p=tyre-fitting-near-you&utm_source=mailshot&utm_medium=direct-mail&utm_campaign=tyretrust-29&utm_content=tyre-fitting-near-you
Oakley Car Repairs,tyretrust.uk/oakley,https://tyretrust.uk/?p=oakley-car-repairs&utm_source=mailshot&utm_medium=direct-mail&utm_campaign=tyretrust-29&utm_content=oakley-car-repairs
Whitchurch Service & Repairs,tyretrust.uk/whitchurch,https://tyretrust.uk/?p=whitchurch-service&utm_source=mailshot&utm_medium=direct-mail&utm_campaign=tyretrust-29&utm_content=whitchurch-service
Haytov & Sons Auto Repairs,tyretrust.uk/haytov,https://tyretrust.uk/?p=haytov-sons&utm_source=mailshot&utm_medium=direct-mail&utm_campaign=tyretrust-29&utm_content=haytov-sons
G&S Tyres,tyretrust.uk/gstyres,https://tyretrust.uk/?p=gs-tyres&utm_source=mailshot&utm_medium=direct-mail&utm_campaign=tyretrust-29&utm_content=gs-tyres
Mobile Salisbury,tyretrust.uk/salisbury,https://tyretrust.uk/?p=mobile-salisbury&utm_source=mailshot&utm_medium=direct-mail&utm_campaign=tyretrust-29&utm_content=mobile-salisbury
